totallines,refractiveindex,bigradius,a,b,z,anglez,c,anglea
10, 1.500000, 8.000000, 3.000000, 3.000000, 7.416198, 22.024313, -5.291503, 131.409622 
